{
  "Ansi 5 Color" : {
    "Green Component" : 0.27365818619728088,
    "Blue Component" : 0.31876751780509949,
    "Red Component" : 0.5245511531829834
  },
  "Working Directory" : "\/Users\/barnak",
  "Prompt Before Closing 2" : 1,
  "Selected Text Color" : {
    "Green Component" : 0.78808510303497314,
    "Blue Component" : 0.78809839487075806,
    "Red Component" : 0.78810864686965942
  },
  "Rows" : 25,
  "Ansi 11 Color" : {
    "Green Component" : 0.41657543182373047,
    "Blue Component" : 0.12909688055515289,
    "Red Component" : 0.98922824859619141
  },
  "Use Italic Font" : true,
  "Foreground Color" : {
    "Green Component" : 0.78808510303497314,
    "Blue Component" : 0.78809839487075806,
    "Red Component" : 0.78810864686965942
  },
  "Right Option Key Sends" : 0,
  "Character Encoding" : 4,
  "Selection Color" : {
    "Green Component" : 0.16906397044658661,
    "Blue Component" : 0.16623695194721222,
    "Red Component" : 0.18824593722820282
  },
  "Blend" : 0.20353855298913048,
  "Mouse Reporting" : true,
  "Ansi 4 Color" : {
    "Green Component" : 0.35519972443580627,
    "Blue Component" : 0.59762489795684814,
    "Red Component" : 0.2832317054271698
  },
  "Non-ASCII Anti Aliased" : true,
  "Sync Title" : false,
  "Disable Window Resizing" : true,
  "Description" : "Default",
  "Close Sessions On End" : 1,
  "Jobs to Ignore" : [
    "rlogin",
    "ssh",
    "slogin",
    "telnet"
  ],
  "Scrollback Lines" : 20000,
  "Draw Powerline Glyphs" : true,
  "Brighten Bold Text" : true,
  "Flashing Bell" : false,
  "Cursor Guide Color" : {
    "Red Component" : 0.70214027166366577,
    "Color Space" : "sRGB",
    "Blue Component" : 1,
    "Alpha Component" : 0.25,
    "Green Component" : 0.92681378126144409
  },
  "Right Option Key Changeable" : true,
  "BM Growl" : false,
  "Ansi 3 Color" : {
    "Green Component" : 0.37481772899627686,
    "Blue Component" : 0.16505485773086548,
    "Red Component" : 0.61530840396881104
  },
  "Use Non-ASCII Font" : false,
  "Link Color" : {
    "Red Component" : 0,
    "Color Space" : "sRGB",
    "Blue Component" : 0.73422712087631226,
    "Alpha Component" : 1,
    "Green Component" : 0.35915297269821167
  },
  "Shortcut" : "",
  "Bold Color" : {
    "Green Component" : 0.99997437000274658,
    "Blue Component" : 0.99999129772186279,
    "Red Component" : 1
  },
  "Unlimited Scrollback" : false,
  "Custom Command" : "No",
  "Keyboard Map" : {
    "0x5e-0x60000" : {
      "Action" : 11,
      "Text" : "0x1e"
    },
    "0xf702-0x280000" : {
      "Action" : 10,
      "Text" : "b"
    },
    "0xf702-0x260000" : {
      "Action" : 11,
      "Text" : "0x1b 0x1b 0x5b 0x44"
    },
    "0xf703-0x280000" : {
      "Action" : 10,
      "Text" : "f"
    },
    "0xf702-0x240000" : {
      "Action" : 10,
      "Text" : "[5D"
    },
    "0xf70a-0x20000" : {
      "Action" : 10,
      "Text" : "[28~"
    },
    "0x2d-0x40000" : {
      "Action" : 11,
      "Text" : "0x1f"
    },
    "0xf702-0x220000" : {
      "Action" : 10,
      "Text" : "[D"
    },
    "0xf703-0x240000" : {
      "Action" : 10,
      "Text" : "[5C"
    },
    "0xf703-0x260000" : {
      "Action" : 10,
      "Text" : "[C"
    },
    "0xf700-0x280000" : {
      "Action" : 10,
      "Text" : "[A"
    },
    "0xf703-0x220000" : {
      "Action" : 10,
      "Text" : "[C"
    },
    "0xf700-0x260000" : {
      "Action" : 10,
      "Text" : "[A"
    },
    "0xf701-0x280000" : {
      "Action" : 10,
      "Text" : "[B"
    },
    "0xf700-0x240000" : {
      "Action" : 10,
      "Text" : "[A"
    },
    "0xf701-0x260000" : {
      "Action" : 10,
      "Text" : "[B"
    },
    "0xf700-0x220000" : {
      "Action" : 10,
      "Text" : "[A"
    },
    "0xf701-0x240000" : {
      "Action" : 10,
      "Text" : "[B"
    },
    "0xf72b-0x20000" : {
      "Action" : 10,
      "Text" : "[F"
    },
    "0xf701-0x220000" : {
      "Action" : 10,
      "Text" : "[B"
    },
    "0xf708-0x20000" : {
      "Action" : 10,
      "Text" : "[25~"
    },
    "0xf709-0x20000" : {
      "Action" : 10,
      "Text" : "[26~"
    },
    "0xf70b-0x20000" : {
      "Action" : 10,
      "Text" : "[29~"
    },
    "0xf72b-0x40000" : {
      "Action" : 4,
      "Text" : ""
    },
    "0xf729-0x20000" : {
      "Action" : 10,
      "Text" : "[H"
    },
    "0xf729-0x40000" : {
      "Action" : 5,
      "Text" : ""
    }
  },
  "Ansi 14 Color" : {
    "Green Component" : 0.83115142583847046,
    "Blue Component" : 0.51864469051361084,
    "Red Component" : 0.98189765214920044
  },
  "Ansi 2 Color" : {
    "Green Component" : 0.46650028228759766,
    "Blue Component" : 0.26786994934082031,
    "Red Component" : 0.34470123052597046
  },
  "Send Code When Idle" : false,
  "ASCII Anti Aliased" : true,
  "Tags" : [

  ],
  "Ansi 9 Color" : {
    "Green Component" : 0,
    "Blue Component" : 0.047643966972827911,
    "Red Component" : 0.66853958368301392
  },
  "Use Bold Font" : true,
  "Silence Bell" : false,
  "Ansi 12 Color" : {
    "Green Component" : 0.59881830215454102,
    "Blue Component" : 0.96923071146011353,
    "Red Component" : 0.47406241297721863
  },
  "Window Type" : 1,
  "Use Bright Bold" : true,
  "Cursor Text Color" : {
    "Green Component" : 0.0893377885222435,
    "Blue Component" : 0.089524403214454651,
    "Red Component" : 0.097534909844398499
  },
  "Default Bookmark" : "No",
  "Cursor Color" : {
    "Green Component" : 0.99997437000274658,
    "Blue Component" : 0.99999129772186279,
    "Red Component" : 1
  },
  "Ansi 1 Color" : {
    "Green Component" : 0.27546367049217224,
    "Blue Component" : 0.24047122895717621,
    "Red Component" : 0.65297406911849976
  },
  "Name" : "Default",
  "Blinking Cursor" : true,
  "Guid" : "2E49C222-61AA-4F78-98B2-2018A15BDE59",
  "Idle Code" : 0,
  "Ansi 10 Color" : {
    "Green Component" : 0.54902052879333496,
    "Blue Component" : 0.12761461734771729,
    "Red Component" : 0.07199510931968689
  },
  "Ansi 8 Color" : {
    "Green Component" : 0.30429261922836304,
    "Blue Component" : 0.28177487850189209,
    "Red Component" : 0.30362126231193542
  },
  "Badge Color" : {
    "Red Component" : 1,
    "Color Space" : "sRGB",
    "Blue Component" : 0,
    "Alpha Component" : 0.5,
    "Green Component" : 0.14910027384757996
  },
  "Smart Cursor Color" : true,
  "Ambiguous Double Width" : false,
  "Blur Radius" : 8.0999999999999996,
  "Background Image Mode" : 2,
  "Cursor Type" : 2,
  "Ansi 0 Color" : {
    "Green Component" : 0.16906397044658661,
    "Blue Component" : 0.16623695194721222,
    "Red Component" : 0.18824593722820282
  },
  "Left Option Key Changeable" : true,
  "Application Keypad Allowed" : true,
  "Vertical Spacing" : 1,
  "Blur" : true,
  "Use Underline Color" : false,
  "Normal Font" : "MesloLGS-NF-Regular 16",
  "Ansi 7 Color" : {
    "Green Component" : 0.78808510303497314,
    "Blue Component" : 0.78809839487075806,
    "Red Component" : 0.78810864686965942
  },
  "Command" : "",
  "Terminal Type" : "xterm-256color",
  "Horizontal Spacing" : 1,
  "Option Key Sends" : 0,
  "Only The Default BG Color Uses Transparency" : false,
  "Minimum Contrast" : 0.24697916666666669,
  "Ansi 15 Color" : {
    "Green Component" : 0.99997437000274658,
    "Blue Component" : 0.99999129772186279,
    "Red Component" : 1
  },
  "Ansi 6 Color" : {
    "Green Component" : 0.50764596462249756,
    "Blue Component" : 0.30835512280464172,
    "Red Component" : 0.61355632543563843
  },
  "Transparency" : 0.08164727393617012,
  "Background Color" : {
    "Green Component" : 0.09479791671037674,
    "Blue Component" : 0.094986997544765472,
    "Red Component" : 0.10311296582221985
  },
  "Screen" : -1,
  "Initial Use Transparency" : false,
  "Non Ascii Font" : "Monaco 12",
  "Ansi 13 Color" : {
    "Green Component" : 0.54070514440536499,
    "Blue Component" : 0.62971007823944092,
    "Red Component" : 0.99073433876037598
  },
  "Use Tab Color" : false,
  "Columns" : 80,
  "Visual Bell" : true,
  "Custom Directory" : "Recycle",